time,stall_s,gpu_age_s,gpu_ok,temp_c,hot_c,mem_c,fan_rpm,volt_mv,clk_mhz,adl_load,util_3d,util_video,vram_mb,top_3d_proc,video_proc,bus_speed,bus_lanes,cpu_pct,ram_free_mb,commit_pct,net_age_s,gw_ms,dns_ms,dns2_ms,tcp_ms,udp_n,udp_top,tcp_n,err
2026-10-09 03:57:01,0.0,1.5,1,51,52,54,687,707,134,10,1,91,1660,,ffmpeg:52,3,16,11,20734,36,1.6,0,20,9,5,44,svchost:10,87,
2026-10-09 03:57:03,0.0,1.5,1,51,52,54,686,714,100,4,1,90,1660,,ffmpeg:47,3,16,9,20731,36,1.6,0,20,9,5,44,svchost:10,88,
2026-10-09 03:57:05,0.0,1.5,1,51,52,54,687,715,151,10,1,89,1660,,ffmpeg:45,3,16,9,20731,36,1.6,0,20,9,5,44,svchost:10,86,
2026-10-09 03:57:07,0.0,1.5,1,51,52,54,686,715,180,11,1,90,1660,,ffmpeg:49,3,16,9,20734,36,1.6,0,19,5,5,44,svchost:10,86,
2026-10-09 03:57:09,0.0,1.5,1,51,52,54,687,715,116,4,1,89,1660,,ffmpeg:49,3,16,12,20731,36,1.6,0,19,5,5,44,svchost:10,86,
2026-10-09 03:57:11,0.0,1.5,1,51,52,54,687,714,115,4,1,90,1660,,ffmpeg:49,3,16,9,20741,36,1.6,0,19,5,5,44,svchost:10,88,
2026-10-09 03:57:13,0.0,1.5,1,51,52,54,687,707,167,11,1,90,1660,,ffmpeg:51,3,16,10,20734,36,1.6,0,19,5,5,44,svchost:10,86,
2026-10-09 03:57:15,0.0,1.5,1,51,52,54,687,715,43,3,1,90,1660,,ffmpeg:50,3,16,9,20734,36,1.6,0,19,5,5,44,svchost:10,86,
2026-10-09 03:57:17,0.0,1.5,1,51,52,54,687,708,197,12,1,91,1660,,ffmpeg:51,3,16,12,20734,36,1.6,0,20,6,5,44,svchost:10,88,
2026-10-09 03:57:19,0.0,1.5,1,51,52,54,686,694,159,10,1,89,1660,,ffmpeg:50,3,16,10,20734,36,1.6,0,20,6,5,44,svchost:10,86,
2026-10-09 03:57:21,0.0,1.5,1,51,52,54,686,715,194,11,1,91,1660,,ffmpeg:51,3,16,9,20737,36,1.6,0,20,6,5,44,svchost:10,86,
2026-10-09 03:57:23,0.0,1.5,1,51,52,54,687,715,98,4,1,89,1660,,ffmpeg:49,3,16,9,20734,36,1.6,0,20,6,5,44,svchost:10,87,
2026-10-09 03:57:25,0.0,1.5,1,51,52,54,686,705,167,12,1,89,1660,,ffmpeg:49,3,16,10,20735,36,1.6,0,20,6,5,44,svchost:10,86,
2026-10-09 03:57:27,0.0,1.5,1,51,52,54,687,680,92,5,1,73,1659,,ffmpeg:48,3,16,10,20735,36,1.5,0,20,7,5,44,svchost:10,86,
2026-10-09 03:57:29,0.0,1.5,1,51,52,54,688,713,154,10,1,91,1659,,ffmpeg:49,3,16,9,20724,36,1.5,0,20,7,5,44,svchost:10,88,
2026-10-09 03:57:31,0.0,1.5,1,51,52,54,688,715,170,5,1,91,1659,,ffmpeg:51,3,16,10,20739,36,1.5,0,20,7,5,44,svchost:10,87,
2026-10-09 03:57:33,0.0,1.5,1,51,52,54,688,714,111,5,1,91,1659,,ffmpeg:51,3,16,9,20739,36,1.5,0,20,7,5,44,svchost:10,87,
2026-10-09 03:57:35,0.0,1.5,1,51,52,54,688,714,90,3,1,90,1659,,ffmpeg:50,3,16,10,20739,36,1.5,0,20,7,5,44,svchost:10,87,
2026-10-09 03:57:37,0.0,1.5,1,51,52,54,688,715,155,12,1,91,1659,,ffmpeg:50,3,16,9,20737,36,1.5,0,20,7,6,44,svchost:10,89,
2026-10-09 03:57:39,0.0,1.5,1,51,52,54,688,713,162,9,1,90,1659,,ffmpeg:50,3,16,13,20734,36,1.5,0,20,7,6,44,svchost:10,87,
2026-10-09 03:57:41,0.0,1.5,1,51,52,54,687,715,180,6,1,89,1659,,ffmpeg:48,3,16,10,20737,36,1.5,0,20,7,6,44,svchost:10,87,
2026-10-09 03:57:43,0.0,1.5,1,51,52,54,688,711,156,12,1,90,1659,,ffmpeg:51,3,16,9,20736,36,1.5,0,20,7,6,44,svchost:10,89,
2026-10-09 03:57:45,0.0,1.5,1,51,53,54,688,715,95,4,1,90,1659,,ffmpeg:49,3,16,9,20739,36,1.5,0,20,7,6,44,svchost:10,88,
2026-10-09 03:57:47,0.0,1.5,1,51,52,54,688,715,160,9,1,90,1659,,ffmpeg:50,3,16,9,20738,36,1.4,0,20,7,5,44,svchost:10,87,
2026-10-09 03:57:49,0.0,1.5,1,51,52,54,688,714,111,5,1,90,1659,,ffmpeg:50,3,16,9,20737,36,1.4,0,20,7,5,44,svchost:10,87,
2026-10-09 03:57:51,0.0,1.5,1,51,52,54,688,712,115,5,1,91,1659,,ffmpeg:46,3,16,13,20708,36,1.4,0,20,7,5,44,svchost:10,90,
2026-10-09 03:57:53,0.0,1.4,1,51,52,54,688,715,112,3,1,90,1659,,ffmpeg:45,3,16,10,20705,36,1.4,0,20,7,5,44,svchost:10,88,
2026-10-09 03:57:55,0.0,1.4,1,51,52,54,688,715,175,5,1,92,1659,,ffmpeg:45,3,16,9,20705,36,1.4,0,20,7,5,44,svchost:10,91,
2026-10-09 03:57:57,0.0,1.4,1,51,53,54,687,715,137,6,1,93,1659,,ffmpeg:47,3,16,11,20695,36,1.4,0,20,5,5,44,svchost:10,95,
2026-10-09 03:57:59,0.0,1.4,1,51,52,54,688,714,181,9,1,89,1659,,ffmpeg:50,3,16,16,20695,36,1.4,0,20,5,5,44,svchost:10,96,
2026-10-09 03:58:01,0.0,1.4,1,51,52,54,688,714,155,8,1,89,1659,,ffmpeg:50,3,16,18,20682,36,1.4,0,20,5,5,44,svchost:10,95,
2026-10-09 03:58:03,0.0,1.4,1,51,52,54,688,683,97,5,1,89,1659,,ffmpeg:48,3,16,16,20693,36,1.4,0,20,5,5,44,svchost:10,97,
2026-10-09 03:58:05,0.0,1.4,1,51,52,54,688,670,83,4,1,89,1659,,ffmpeg:47,3,16,15,20694,36,1.4,0,20,5,5,44,svchost:10,95,
2026-10-09 03:58:07,0.0,1.4,1,51,52,54,688,715,180,6,1,89,1659,,ffmpeg:48,3,16,15,20691,36,1.3,0,21,11,6,44,svchost:10,95,
2026-10-09 03:58:09,0.0,1.4,1,51,52,54,688,705,59,2,1,89,1659,,ffmpeg:49,3,16,20,20676,36,1.3,0,21,11,6,44,svchost:10,95,
2026-10-09 03:58:11,0.0,1.4,1,51,53,54,689,715,105,4,1,94,1659,,ffmpeg:52,3,16,15,20676,36,1.4,0,21,11,6,44,svchost:10,95,
2026-10-09 03:58:13,0.0,1.4,1,51,52,54,688,715,85,3,1,89,1659,,ffmpeg:49,3,16,11,20684,36,1.4,0,21,11,6,44,svchost:10,93,
2026-10-09 03:58:15,0.0,1.4,1,51,52,54,688,690,125,8,1,90,1659,,ffmpeg:45,3,16,9,20686,36,1.3,0,21,11,6,44,svchost:10,91,
2026-10-09 03:58:18,0.0,1.4,1,51,52,54,688,707,134,10,1,79,1465,,ffmpeg:52,3,16,10,20873,35,1.3,0,20,5,6,44,svchost:10,93,
2026-10-09 03:58:20,0.0,1.4,1,51,53,54,688,715,99,4,1,74,1627,,ffmpeg:50,3,16,14,20773,35,1.3,0,20,5,6,44,svchost:10,91,
2026-10-09 03:58:22,0.0,1.4,1,51,52,54,688,715,115,6,1,90,1627,,ffmpeg:51,3,16,9,20777,35,1.3,0,20,5,6,44,svchost:10,91,
2026-10-09 03:58:24,0.0,1.4,1,51,52,54,689,714,91,3,1,88,1627,,ffmpeg:50,3,16,8,20778,35,1.3,0,20,5,6,44,svchost:10,92,
2026-10-09 03:58:26,0.0,1.4,1,51,52,54,689,715,133,6,1,89,1627,,ffmpeg:50,3,16,10,20781,35,1.3,0,20,5,6,44,svchost:10,92,
2026-10-09 03:58:28,0.0,1.4,1,51,52,54,689,715,125,3,1,90,1627,,ffmpeg:51,3,16,9,20780,35,1.3,0,19,6,5,44,svchost:10,91,
2026-10-09 03:58:30,0.0,1.4,1,51,52,54,689,714,150,9,1,89,1627,,ffmpeg:51,3,16,9,20781,35,1.3,0,19,6,5,44,svchost:10,90,
2026-10-09 03:58:32,0.0,1.3,1,51,52,54,689,715,91,2,1,92,1627,,ffmpeg:52,3,16,9,20778,35,1.3,0,19,6,5,44,svchost:10,92,
2026-10-09 03:58:34,0.0,1.3,1,51,53,54,689,715,127,3,1,92,1627,,ffmpeg:53,3,16,8,20780,35,1.3,0,19,6,5,44,svchost:10,90,
2026-10-09 03:58:36,0.0,1.3,1,51,52,54,688,715,184,5,1,95,1627,,ffmpeg:56,3,16,10,20781,35,1.3,0,19,6,5,44,svchost:10,92,
2026-10-09 03:58:38,0.0,1.3,1,51,52,54,688,715,133,15,1,90,1627,,ffmpeg:50,3,16,11,20769,35,1.2,0,20,7,5,44,svchost:10,90,
2026-10-09 03:58:40,0.0,1.3,1,51,52,54,688,714,134,12,1,90,1627,,ffmpeg:50,3,16,14,20780,35,1.2,0,20,7,5,44,svchost:10,90,
2026-10-09 03:58:42,0.0,1.3,1,51,52,54,688,703,86,3,1,90,1627,,ffmpeg:51,3,16,10,20781,35,1.2,0,20,7,5,44,svchost:10,90,
2026-10-09 03:58:44,0.0,1.3,1,51,52,54,688,715,94,4,1,90,1627,,ffmpeg:51,3,16,10,20782,35,1.2,0,20,7,5,44,svchost:10,90,
2026-10-09 03:58:46,0.0,1.3,1,51,52,54,688,715,105,4,1,92,1627,,ffmpeg:53,3,16,12,20744,35,1.2,0,20,7,5,44,svchost:10,90,
2026-10-09 03:58:48,0.0,1.3,1,51,52,54,688,715,99,4,1,92,1627,,ffmpeg:53,3,16,25,20659,36,1.2,0,20,6,6,44,svchost:10,91,
2026-10-09 03:58:50,0.0,1.3,1,51,53,54,688,882,320,11,1,90,1640,,ffmpeg:51,3,16,19,20647,36,1.2,0,20,6,6,44,svchost:10,91,
2026-10-09 03:58:52,0.0,1.3,1,51,52,54,687,715,158,9,1,91,1627,,ffmpeg:48,3,16,17,20585,36,1.2,0,20,6,6,44,svchost:10,92,
2026-10-09 03:58:54,0.0,1.3,1,51,52,54,688,714,98,4,1,93,1627,,ffmpeg:52,3,16,10,20586,36,1.2,0,20,6,6,44,svchost:10,93,
2026-10-09 03:58:56,0.0,1.3,1,51,52,54,688,715,149,5,1,95,1627,,ffmpeg:52,3,16,11,20590,36,1.2,0,20,6,6,44,svchost:10,91,
2026-10-09 03:58:58,0.0,1.3,1,51,52,54,688,715,93,3,1,90,1627,,ffmpeg:51,3,16,10,20591,36,1.2,0,20,6,5,44,svchost:10,91,
2026-10-09 03:59:00,0.0,1.3,1,51,51,54,689,631,61,4,0,10,1719,,ffmpeg:6,3,16,8,20501,36,1.2,0,20,6,5,44,svchost:10,93,
2026-10-09 03:59:08,6.1,7.4,1,51,52,54,689,715,1660,100,0,0,1719,,,3,16,24,20471,36,6.6,0,20,6,5,44,svchost:10,91,
2026-10-09 03:59:14,4.4,13.8,1,51,52,54,689,715,1660,100,0,0,1719,,,3,16,24,20471,36,6.2,0,20,6,5,44,svchost:10,92,
2026-10-09 03:59:16,0.0,15.8,1,51,52,54,689,715,1660,100,0,0,1719,,,3,16,24,20471,36,2.0,0,20,6,5,44,svchost:10,91,
2026-10-09 03:59:18,0.0,17.8,1,51,52,54,689,715,1660,100,0,0,1719,,,3,16,24,20471,36,2.0,0,21,6,5,44,svchost:10,90,
2026-10-09 03:59:20,0.0,19.8,1,51,52,54,689,715,1660,100,0,0,1719,,,3,16,24,20471,36,2.0,0,21,6,5,44,svchost:10,91,
2026-10-09 03:59:22,0.0,21.8,1,51,52,54,689,715,1660,100,0,0,1719,,,3,16,24,20471,36,2.0,0,21,6,5,44,svchost:10,90,
2026-10-09 03:59:24,0.0,23.9,1,51,52,54,689,715,1660,100,0,0,1719,,,3,16,24,20471,36,2.0,0,21,6,5,44,svchost:10,90,
2026-10-09 03:59:26,0.0,1.7,1,0,,,0,,,,0,0,16,,,,,33,20443,36,2.0,0,21,6,5,44,svchost:10,90,
2026-10-09 03:59:28,0.0,3.7,1,0,,,0,,,,0,0,16,,,,,33,20443,36,1.9,0,19,5,5,44,svchost:10,89,
2026-10-09 03:59:30,0.0,5.7,1,0,,,0,,,,0,0,16,,,,,33,20443,36,1.9,0,19,5,5,44,svchost:10,91,
2026-10-09 03:59:32,0.0,7.7,1,0,,,0,,,,0,0,16,,,,,33,20443,36,1.9,0,19,5,5,44,svchost:10,89,
2026-10-09 03:59:34,0.0,9.7,1,0,,,0,,,,0,0,16,,,,,33,20443,36,1.9,0,19,5,5,44,svchost:10,89,
2026-10-09 03:59:36,0.0,11.7,1,0,,,0,,,,0,0,16,,,,,33,20443,36,1.9,0,19,5,5,44,svchost:10,90,
2026-10-09 03:59:38,0.0,13.7,1,0,,,0,,,,0,0,16,,,,,33,20443,36,1.9,0,20,5,5,44,svchost:10,91,
2026-10-09 03:59:40,0.0,15.7,1,0,,,0,,,,0,0,16,,,,,33,20443,36,1.8,0,20,5,5,44,svchost:10,93,
2026-10-09 03:59:42,0.0,17.7,1,0,,,0,,,,0,0,16,,,,,33,20443,36,1.8,0,20,5,5,44,svchost:10,91,
2026-10-09 03:59:44,0.0,19.7,1,0,,,0,,,,0,0,16,,,,,33,20443,36,1.8,0,20,5,5,44,svchost:10,91,
2026-10-09 03:59:46,0.0,21.7,1,0,,,0,,,,0,0,16,,,,,33,20443,36,1.9,0,20,5,5,44,svchost:10,91,
2026-10-09 03:59:48,0.0,23.7,1,0,,,0,,,,0,0,16,,,,,33,20443,36,1.8,0,21,6,5,44,svchost:10,92,
2026-10-09 03:59:50,0.0,25.7,1,0,,,0,,,,0,0,16,,,,,33,20443,36,1.8,0,21,6,5,44,svchost:10,91,
2026-10-09 03:59:52,0.0,27.8,1,0,,,0,,,,0,0,16,,,,,33,20443,36,1.8,0,21,6,5,44,svchost:10,93,
2026-10-09 03:59:54,0.0,29.8,1,0,,,0,,,,0,0,16,,,,,33,20443,36,1.8,0,21,6,5,44,svchost:10,92,
2026-10-09 03:59:56,0.0,31.8,1,0,,,0,,,,0,0,16,,,,,33,20443,36,1.8,0,21,6,5,44,svchost:10,92,
2026-10-09 03:59:58,0.0,33.8,1,0,,,0,,,,0,0,16,,,,,33,20443,36,1.8,0,20,5,5,44,svchost:10,92,
2026-10-09 04:00:00,0.0,35.8,1,0,,,0,,,,0,0,16,,,,,33,20443,36,1.8,0,20,5,5,44,svchost:10,92,
2026-10-09 04:00:02,0.0,37.8,1,0,,,0,,,,0,0,16,,,,,33,20443,36,1.7,0,20,5,5,44,svchost:10,91,
2026-10-09 04:00:04,0.0,39.8,1,0,,,0,,,,0,0,16,,,,,33,20443,36,1.7,0,20,5,5,44,svchost:10,91,
2026-10-09 04:00:06,0.0,41.8,1,0,,,0,,,,0,0,16,,,,,33,20443,36,1.8,0,20,5,5,44,svchost:10,92,
2026-10-09 04:00:08,0.0,43.8,1,0,,,0,,,,0,0,16,,,,,33,20443,36,1.7,0,21,8,5,44,svchost:10,92,
2026-10-09 04:00:10,0.0,45.8,1,0,,,0,,,,0,0,16,,,,,33,20443,36,1.7,0,21,8,5,44,svchost:10,95,
2026-10-09 04:00:12,0.0,47.8,1,0,,,0,,,,0,0,16,,,,,33,20443,36,1.7,0,21,8,5,44,svchost:10,94,
2026-10-09 04:00:14,0.0,49.8,1,0,,,0,,,,0,0,16,,,,,33,20443,36,1.7,0,21,8,5,44,svchost:10,94,
2026-10-09 04:00:16,0.0,51.8,1,0,,,0,,,,0,0,16,,,,,33,20443,36,1.7,0,21,8,5,44,svchost:10,95,
2026-10-09 04:00:18,0.0,53.8,1,0,,,0,,,,0,0,16,,,,,33,20443,36,1.6,0,20,7,5,44,svchost:10,93,
2026-10-09 04:00:20,0.0,55.9,1,0,,,0,,,,0,0,16,,,,,33,20443,36,1.6,0,20,7,5,44,svchost:10,93,
2026-10-09 04:00:22,0.0,57.9,1,0,,,0,,,,0,0,16,,,,,33,20443,36,1.6,0,20,7,5,44,svchost:10,92,
2026-10-09 04:00:24,0.0,59.9,1,0,,,0,,,,0,0,16,,,,,33,20443,36,1.6,0,20,7,5,44,svchost:10,94,
2026-10-09 04:00:26,0.0,61.9,1,0,,,0,,,,0,0,16,,,,,33,20443,36,1.6,0,20,7,5,44,svchost:10,92,
2026-10-09 04:00:28,0.0,63.9,1,0,,,0,,,,0,0,16,,,,,33,20443,36,1.6,0,19,5,5,44,svchost:10,94,
2026-10-09 04:00:30,0.0,65.9,1,0,,,0,,,,0,0,16,,,,,33,20443,36,1.6,0,19,5,5,44,svchost:10,92,
2026-10-09 04:00:32,0.0,67.9,1,0,,,0,,,,0,0,16,,,,,33,20443,36,1.6,0,19,5,5,44,svchost:10,92,
2026-10-09 04:00:34,0.0,69.9,1,0,,,0,,,,0,0,16,,,,,33,20443,36,1.6,0,19,5,5,44,svchost:10,92,
2026-10-09 04:00:36,0.0,71.9,1,0,,,0,,,,0,0,16,,,,,33,20443,36,1.6,0,19,5,5,44,svchost:10,91,
2026-10-09 04:00:38,0.0,73.9,1,0,,,0,,,,0,0,16,,,,,33,20443,36,1.5,0,20,6,6,44,svchost:10,91,
2026-10-09 04:00:41,0.0,75.9,1,0,,,0,,,,0,0,16,,,,,33,20443,36,1.5,0,20,6,6,44,svchost:10,90,
2026-10-09 04:00:43,0.0,78.0,1,0,,,0,,,,0,0,16,,,,,33,20443,36,1.5,0,20,6,6,44,svchost:10,90,
2026-10-09 04:00:45,0.0,80.0,1,0,,,0,,,,0,0,16,,,,,33,20443,36,1.5,0,20,6,6,44,svchost:10,90,
2026-10-09 04:00:47,0.0,82.0,1,0,,,0,,,,0,0,16,,,,,33,20443,36,1.5,0,20,6,6,44,svchost:10,90,
2026-10-09 04:00:49,0.0,84.0,1,0,,,0,,,,0,0,16,,,,,33,20443,36,1.5,0,20,6,5,44,svchost:10,89,
2026-10-09 04:00:51,0.0,86.0,1,0,,,0,,,,0,0,16,,,,,33,20443,36,1.5,0,20,6,5,44,svchost:10,90,
2026-10-09 04:00:53,0.0,88.0,1,0,,,0,,,,0,0,16,,,,,33,20443,36,1.5,0,20,6,5,44,svchost:10,90,
2026-10-09 04:00:55,0.0,90.0,1,0,,,0,,,,0,0,16,,,,,33,20443,36,1.5,0,20,6,5,44,svchost:10,89,
2026-10-09 04:00:57,0.0,92.0,1,0,,,0,,,,0,0,16,,,,,33,20443,36,1.5,0,20,6,5,44,svchost:10,90,
2026-10-09 04:00:59,0.0,94.0,1,0,,,0,,,,0,0,16,,,,,33,20443,36,1.4,0,20,6,6,44,svchost:10,91,
2026-10-09 04:01:01,0.0,96.0,1,0,,,0,,,,0,0,16,,,,,33,20443,36,1.4,0,20,6,6,44,svchost:10,94,
2026-10-09 04:01:03,0.0,98.0,1,0,,,0,,,,0,0,16,,,,,33,20443,36,1.4,0,20,6,6,44,svchost:10,93,
2026-10-09 04:01:05,0.0,100.0,1,0,,,0,,,,0,0,16,,,,,33,20443,36,1.4,0,20,6,6,44,svchost:10,94,
2026-10-09 04:01:07,0.0,102.0,1,0,,,0,,,,0,0,16,,,,,33,20443,36,1.4,0,20,6,6,44,svchost:10,94,
2026-10-09 04:01:09,0.0,104.1,1,0,,,0,,,,0,0,16,,,,,33,20443,36,1.4,0,20,7,5,44,svchost:10,93,
2026-10-09 04:01:11,0.0,106.1,1,0,,,0,,,,0,0,16,,,,,33,20443,36,1.4,0,20,7,5,44,svchost:10,92,
2026-10-09 04:01:13,0.0,108.1,1,0,,,0,,,,0,0,16,,,,,33,20443,36,1.4,0,20,7,5,44,svchost:10,92,
2026-10-09 04:01:15,0.0,110.1,1,0,,,0,,,,0,0,16,,,,,33,20443,36,1.4,0,20,7,5,44,svchost:10,92,
2026-10-09 04:01:17,0.0,112.1,1,0,,,0,,,,0,0,16,,,,,33,20443,36,1.4,0,20,7,5,44,svchost:10,92,
2026-10-09 04:01:19,0.0,114.1,1,0,,,0,,,,0,0,16,,,,,33,20443,36,1.3,0,20,7,7,44,svchost:10,92,
2026-10-09 04:01:21,0.0,116.1,1,0,,,0,,,,0,0,16,,,,,33,20443,36,1.3,0,20,7,7,44,svchost:10,92,
2026-10-09 04:01:23,0.0,118.1,1,0,,,0,,,,0,0,16,,,,,33,20443,36,1.3,0,20,7,7,44,svchost:10,92,
2026-10-09 04:01:25,0.0,120.1,1,0,,,0,,,,0,0,16,,,,,33,20443,36,1.3,0,20,7,7,44,svchost:10,92,
2026-10-09 04:01:27,0.0,122.2,1,0,,,0,,,,0,0,16,,,,,33,20443,36,1.3,0,20,7,7,44,svchost:10,92,
2026-10-09 04:01:29,0.0,124.2,1,0,,,0,,,,0,0,16,,,,,33,20443,36,1.3,0,20,10,5,44,svchost:10,91,
2026-10-09 04:01:31,0.0,126.2,1,0,,,0,,,,0,0,16,,,,,33,20443,36,1.3,0,20,10,5,44,svchost:10,91,
2026-10-09 04:01:33,0.0,128.2,1,0,,,0,,,,0,0,16,,,,,33,20443,36,1.3,0,20,10,5,44,svchost:10,89,
2026-10-09 04:01:35,0.0,130.2,1,0,,,0,,,,0,0,16,,,,,33,20443,36,1.3,0,20,10,5,44,svchost:10,88,
2026-10-09 04:01:37,0.0,132.2,1,0,,,0,,,,0,0,16,,,,,33,20443,36,1.3,0,20,10,5,44,svchost:10,89,
2026-10-09 04:01:39,0.0,134.2,1,0,,,0,,,,0,0,16,,,,,33,20443,36,1.3,0,20,5,6,44,svchost:10,87,
2026-10-09 04:01:41,0.0,136.2,1,0,,,0,,,,0,0,16,,,,,33,20443,36,1.3,0,20,5,6,44,svchost:10,87,
2026-10-09 04:01:43,0.0,138.2,1,0,,,0,,,,0,0,16,,,,,33,20443,36,1.3,0,20,5,6,44,svchost:10,89,
2026-10-09 04:01:45,0.0,140.3,1,0,,,0,,,,0,0,16,,,,,33,20443,36,1.3,0,20,5,6,44,svchost:10,88,
2026-10-09 04:01:47,0.0,142.3,1,0,,,0,,,,0,0,16,,,,,33,20443,36,1.3,0,20,5,6,44,svchost:10,87,
2026-10-09 04:01:49,0.0,144.3,1,0,,,0,,,,0,0,16,,,,,33,20443,36,1.3,0,20,8,5,44,svchost:10,89,
2026-10-09 04:01:51,0.0,146.3,1,0,,,0,,,,0,0,16,,,,,33,20443,36,1.3,0,20,8,5,44,svchost:10,87,
2026-10-09 04:01:53,0.0,148.3,1,0,,,0,,,,0,0,16,,,,,33,20443,36,1.3,0,20,8,5,44,svchost:10,87,
2026-10-09 04:01:55,0.0,150.3,1,0,,,0,,,,0,0,16,,,,,33,20443,36,1.3,0,20,8,5,44,svchost:10,89,
2026-10-09 04:01:57,0.0,152.3,1,0,,,0,,,,0,0,16,,,,,33,20443,36,1.3,0,20,8,5,44,svchost:10,87,
2026-10-09 04:01:59,0.0,154.3,1,0,,,0,,,,0,0,16,,,,,33,20443,36,1.2,0,21,9,6,44,svchost:10,87,
2026-10-09 04:02:01,0.0,156.3,1,0,,,0,,,,0,0,16,,,,,33,20443,36,1.2,0,21,9,6,44,svchost:10,88,
2026-10-09 04:02:03,0.0,158.3,1,0,,,0,,,,0,0,16,,,,,33,20443,36,1.2,0,21,9,6,44,svchost:10,87,
2026-10-09 04:02:05,0.0,160.3,1,0,,,0,,,,0,0,16,,,,,33,20443,36,1.2,0,21,9,6,44,svchost:10,87,
2026-10-09 04:02:07,0.0,162.5,1,0,,,0,,,,0,0,16,,,,,33,20443,36,1.1,0,21,9,6,44,svchost:10,87,
2026-10-09 04:02:09,0.0,164.7,1,0,,,0,,,,0,0,16,,,,,33,20443,36,0.7,215,20,8,5,44,svchost:10,87,
2026-10-09 04:02:12,0.0,167.1,1,0,,,0,,,,0,0,16,,,,,33,20443,36,0.9,215,20,8,5,44,svchost:10,88,
2026-10-09 04:02:14,0.0,169.3,1,0,,,0,,,,0,0,16,,,,,33,20443,36,0.5,215,20,8,5,44,svchost:10,87,
