"time","stop_code","amd_watchdog_fired","program_on_engine","engine","amdkmdag_checksum","amdkmdag_size","driver"
"2025-08-29 23:16","0x193","False","","","","","previous PC (before this build)"
"2026-03-23 21:24","0x141","False","CrimsonDesert.","3D (0)","06B43DF3","06BC4000","26.2.x (RX 9070 XT driver, Mar-Apr)"
"2026-03-27 22:34","0x141","False","CrimsonDesert.","3D (0)","06B43DF3","06BC4000","26.2.x (RX 9070 XT driver, Mar-Apr)"
"2026-04-02 19:11","0x141","False","CrimsonDesert.","3D (0)","06B43DF3","06BC4000","26.2.x (RX 9070 XT driver, Mar-Apr)"
"2026-04-02 20:59","0x141","False","CrimsonDesert.","3D (0)","06B43DF3","06BC4000","26.2.x (RX 9070 XT driver, Mar-Apr)"
"2026-04-02 21:57","0x141","False","CrimsonDesert.","3D (0)","06B43DF3","06BC4000","26.2.x (RX 9070 XT driver, Mar-Apr)"
"2026-04-02 22:09","0x141","False","CrimsonDesert.","3D (0)","06B43DF3","06BC4000","26.2.x (RX 9070 XT driver, Mar-Apr)"
"2026-04-02 22:26","0x141","False","CrimsonDesert.","3D (0)","06B43DF3","06BC4000","26.2.x (RX 9070 XT driver, Mar-Apr)"
"2026-04-02 22:27","0x1A8","False","","","06B43DF3","06BC4000","26.2.x (RX 9070 XT driver, Mar-Apr)"
"2026-04-03 04:13","0x141","False","CrimsonDesert.","3D (0)","06B43DF3","06BC4000","26.2.x (RX 9070 XT driver, Mar-Apr)"
"2026-04-03 04:14","0x141","False","TextInputHost.","3D (0)","06B43DF3","06BC4000","26.2.x (RX 9070 XT driver, Mar-Apr)"
"2026-04-03 04:21","0x141","False","CrimsonDesert.","3D (0)","06B43DF3","06BC4000","26.2.x (RX 9070 XT driver, Mar-Apr)"
"2026-04-04 12:14","0x141","False","CrimsonDesert.","3D (0)","06B43DF3","06BC4000","26.2.x (RX 9070 XT driver, Mar-Apr)"
"2026-04-04 12:43","0x141","False","CrimsonDesert.","3D (0)","06B43DF3","06BC4000","26.2.x (RX 9070 XT driver, Mar-Apr)"
"2026-04-04 22:43","0x141","False","CrimsonDesert.","3D (0)","06B43DF3","06BC4000","26.2.x (RX 9070 XT driver, Mar-Apr)"
"2026-04-05 23:53","0x141","False","CrimsonDesert.","3D (0)","06B43DF3","06BC4000","26.2.x (RX 9070 XT driver, Mar-Apr)"
"2026-04-05 23:54","0x117","False","","","06B43DF3","06BC4000","26.2.x (RX 9070 XT driver, Mar-Apr)"
"2026-04-11 16:45","0x141","False","CrimsonDesert.","3D (0)","06B43DF3","06BC4000","26.2.x (RX 9070 XT driver, Mar-Apr)"
"2026-04-23 19:20","0x1A8","False","","","06B43DF3","06BC4000","26.2.x (RX 9070 XT driver, Mar-Apr)"
"2026-05-17 23:11","0x141","True","Discord.exe","video codec (7)","05026E89","050B5000","26.5.2 (May-early Jun)"
"2026-05-17 23:12","0x1A8","False","","","05026E89","050B5000","26.5.2 (May-early Jun)"
"2026-05-17 23:15","0x1A8","False","","","0617D12D","061F7000","CPU iGPU driver module (RX 9070 XT driver not loaded at this boot)"
"2026-05-17 23:24","0x193","False","","","0617D12D","061F7000","CPU iGPU driver module (RX 9070 XT driver not loaded at this boot)"
"2026-05-19 00:34","0x141","True","Discord.exe","video codec (7)","05026E89","050B5000","26.5.2 (May-early Jun)"
"2026-05-19 00:35","0x193","False","","","05026E89","050B5000","26.5.2 (May-early Jun)"
"2026-05-19 00:39","0x193","False","","","0617D12D","061F7000","CPU iGPU driver module (RX 9070 XT driver not loaded at this boot)"
"2026-05-26 23:43","0x141","True","Discord.exe","video codec (7)","05026E89","050B5000","26.5.2 (May-early Jun)"
"2026-05-26 23:44","0x193","False","","","05026E89","050B5000","26.5.2 (May-early Jun)"
"2026-05-26 23:48","0x1B0","False","","","0617D12D","061F7000","CPU iGPU driver module (RX 9070 XT driver not loaded at this boot)"
"2026-05-28 22:31","0x141","True","Discord.exe","video codec (7)","05026E89","050B5000","26.5.2 (May-early Jun)"
"2026-05-28 22:32","0x1B0","False","","","0617D12D","061F7000","CPU iGPU driver module (RX 9070 XT driver not loaded at this boot)"
"2026-05-31 20:02","0x141","True","Discord.exe","video codec (7)","05026E89","050B5000","26.5.2 (May-early Jun)"
"2026-06-03 01:54","0x141","True","Discord.exe","video codec (7)","05026E89","050B5000","26.5.2 (May-early Jun)"
"2026-06-03 01:55","0x193","False","","","05026E89","050B5000","26.5.2 (May-early Jun)"
"2026-06-03 01:59","0x1B0","False","","","0617D12D","061F7000","CPU iGPU driver module (RX 9070 XT driver not loaded at this boot)"
"2026-06-03 21:32","0x141","True","Discord.exe","video codec (7)","05026E89","050B5000","26.5.2 (May-early Jun)"
"2026-06-03 21:34","0x1B0","False","","","0617D12D","061F7000","CPU iGPU driver module (RX 9070 XT driver not loaded at this boot)"
"2026-06-03 23:08","0x141","True","Discord.exe","video codec (7)","05026E89","050B5000","26.5.2 (May-early Jun)"
"2026-06-12 23:41","0x141","True","Discord.exe","video codec (7)","05048837","050D7000","unnamed build, mid-June (26.6.x?)"
"2026-06-12 23:44","0x141","True","gpu_encoder_he","video codec (7)","05048837","050D7000","unnamed build, mid-June (26.6.x?)"
"2026-06-14 01:00","0x141","True","Discord.exe","video codec (7)","05048837","050D7000","unnamed build, mid-June (26.6.x?)"
"2026-06-14 01:01","0x117","False","","","05048837","050D7000","unnamed build, mid-June (26.6.x?)"
"2026-06-14 01:04","0x193","False","","","06188446","061F7000","CPU iGPU driver module (RX 9070 XT driver not loaded at this boot)"
"2026-06-15 20:59","0x141","True","Discord.exe","video codec (7)","05048837","050D7000","unnamed build, mid-June (26.6.x?)"
"2026-06-15 21:00","0x193","False","","","05048837","050D7000","unnamed build, mid-June (26.6.x?)"
"2026-06-15 21:01","0x193","False","","","06188446","061F7000","CPU iGPU driver module (RX 9070 XT driver not loaded at this boot)"
"2026-06-16 23:42","0x141","True","Discord.exe","video codec (7)","05048837","050D7000","unnamed build, mid-June (26.6.x?)"
"2026-06-16 23:43","0x193","False","","","05048837","050D7000","unnamed build, mid-June (26.6.x?)"
"2026-06-16 23:45","0x193","False","","","06188446","061F7000","CPU iGPU driver module (RX 9070 XT driver not loaded at this boot)"
"2026-06-17 00:37","0x141","True","Discord.exe","video codec (7)","05048837","050D7000","unnamed build, mid-June (26.6.x?)"
"2026-06-22 03:47","0x141","True","obs64.exe","video codec (7)","05048837","050D7000","unnamed build, mid-June (26.6.x?)"
"2026-06-22 20:37","0x141","True","Microsoft.Medi","video codec (7)","05048837","050D7000","unnamed build, mid-June (26.6.x?)"
"2026-06-22 20:39","0x193","False","","","06188446","061F7000","CPU iGPU driver module (RX 9070 XT driver not loaded at this boot)"
"2026-06-29 01:50","0x141","True","Discord.exe","video codec (7)","0504390C","050D8000","unnamed build, late June"
"2026-06-29 01:51","0x193","False","","","0504390C","050D8000","unnamed build, late June"
"2026-06-29 01:53","0x193","False","","","061C4F8E","06241000","CPU iGPU driver module (RX 9070 XT driver not loaded at this boot)"
"2026-07-08 23:39","0x141","True","Discord.exe","video codec (7)","0504B0AC","050D9000","unnamed build, July"
"2026-07-10 17:19","0x141","True","Discord.exe","video codec (7)","0504B0AC","050D9000","unnamed build, July"
"2026-07-21 01:33","0x141","True","Discord.exe","video codec (7)","0504B0AC","050D9000","unnamed build, July"
"2026-07-21 01:58","0x141","True","Discord.exe","video codec (7)","0504B0AC","050D9000","unnamed build, July"
"2026-07-22 02:08","0x141","False","Discord.exe","video codec (7)","0504B0AC","050D9000","unnamed build, July"
"2026-07-28 23:03","0x141","True","Discord.exe","video codec (7)","0504B0AC","050D9000","unnamed build, July"
"2026-07-29 03:49","0x193","False","","","0504B0AC","050D9000","unnamed build, July"
"2026-07-30 01:53","0x141","True","Discord.exe","video codec (7)","0509722E","05127000","26.7.1 (late Jul-Aug)"
"2026-07-30 01:54","0x193","False","","","0509722E","05127000","26.7.1 (late Jul-Aug)"
"2026-07-30 01:56","0x193","False","","","06201A72","0626F000","CPU iGPU driver module (RX 9070 XT driver not loaded at this boot)"
"2026-07-30 01:58","0x193","False","","","06201A72","0626F000","CPU iGPU driver module (RX 9070 XT driver not loaded at this boot)"
"2026-07-31 00:20","0x141","True","Discord.exe","video codec (7)","0509722E","05127000","26.7.1 (late Jul-Aug)"
"2026-07-31 00:21","0x193","False","","","0509722E","05127000","26.7.1 (late Jul-Aug)"
"2026-07-31 00:22","0x193","False","","","06201A72","0626F000","CPU iGPU driver module (RX 9070 XT driver not loaded at this boot)"
"2026-07-31 21:14","0x141","True","Discord.exe","video codec (7)","0509722E","05127000","26.7.1 (late Jul-Aug)"
"2026-08-02 23:13","0x141","True","Discord.exe","video codec (7)","0509722E","05127000","26.7.1 (late Jul-Aug)"
"2026-08-03 20:17","0x141","False","MonsterHunterW","3D (0)","0509722E","05127000","26.7.1 (late Jul-Aug)"
"2026-08-03 20:18","0x141","False","TextInputHost.","3D (0)","0509722E","05127000","26.7.1 (late Jul-Aug)"
"2026-08-09 20:39","0x141","True","chrome.exe","video codec (7)","0509722E","05127000","26.7.1 (late Jul-Aug)"
"2026-08-10 16:06","0x141","True","Discord.exe","video codec (7)","0509722E","05127000","26.7.1 (late Jul-Aug)"
"2026-08-12 01:56","0x141","True","Discord.exe","video codec (7)","0509722E","05127000","26.7.1 (late Jul-Aug)"
"2026-08-13 01:44","0x141","True","Discord.exe","video codec (7)","0509722E","05127000","26.7.1 (late Jul-Aug)"
"2026-08-21 20:36","0x141","True","Discord.exe","video codec (7)","0509722E","05127000","26.7.1 (late Jul-Aug)"
"2026-08-30 00:53","0x141","True","Discord.exe","video codec (7)","0508CC9B","05126000","26.8.1 = 32.0.31041.1004"
"2026-09-02 18:38","0x141","True","chrome.exe","video codec (7)","0508CC9B","05126000","26.8.1 = 32.0.31041.1004"
"2026-09-02 19:02","0x193","False","","","06207FBA","0627F000","CPU iGPU driver module (RX 9070 XT driver not loaded at this boot)"
"2026-09-03 04:32","0x141","True","chrome.exe","video codec (7)","0508CC9B","05126000","26.8.1 = 32.0.31041.1004"
"2026-09-04 03:39","0x141","True","chrome.exe","video codec (7)","0508CC9B","05126000","26.8.1 = 32.0.31041.1004"
"2026-09-11 19:34","0x141","True","Discord.exe","video codec (7)","0508CC9B","05126000","26.8.1 = 32.0.31041.1004"
"2026-09-12 02:16","0x141","False","MonsterHunterW","3D (0)","0508CC9B","05126000","26.8.1 = 32.0.31041.1004"
"2026-09-12 05:30","0x141","False","MonsterHunterW","3D (0)","0508CC9B","05126000","26.8.1 = 32.0.31041.1004"
"2026-09-12 05:33","0x141","False","MonsterHunterW","3D (0)","0508CC9B","05126000","26.8.1 = 32.0.31041.1004"
"2026-09-13 22:22","0x141","True","Discord.exe","video codec (7)","0508CC9B","05126000","26.8.1 = 32.0.31041.1004"
"2026-09-13 22:23","0x193","False","","","06207FBA","0627F000","CPU iGPU driver module (RX 9070 XT driver not loaded at this boot)"
"2026-09-13 22:24","0x193","False","","","06207FBA","0627F000","CPU iGPU driver module (RX 9070 XT driver not loaded at this boot)"
"2026-09-13 22:41","0x141","True","Discord.exe","video codec (7)","0508CC9B","05126000","26.8.1 = 32.0.31041.1004"
"2026-09-13 22:47","0x193","False","","","06207FBA","0627F000","CPU iGPU driver module (RX 9070 XT driver not loaded at this boot)"
"2026-09-27 23:58","0x141","True","Discord.exe","video codec (7)","0508CC9B","05126000","26.8.1 = 32.0.31041.1004"
"2026-10-02 01:46","0x141","True","Discord.exe","video codec (7)","0508CC9B","05126000","26.8.1 = 32.0.31041.1004"
"2026-10-03 04:22","0x141","True","obs64.exe","video codec (7)","0508CC9B","05126000","26.8.1 = 32.0.31041.1004"
"2026-10-04 16:14","0x141","True","Discord.exe","video codec (7)","0508CC9B","05126000","26.8.1 = 32.0.31041.1004"
"2026-10-05 02:43","0x141","False","Aniimo.exe","3D (0)","0508CC9B","05126000","26.8.1 = 32.0.31041.1004"
"2026-10-09 02:38","0x141","False","MonsterHunterW","3D (0)","0508CC9B","05126000","26.8.1 = 32.0.31041.1004"
"2026-10-09 03:58","0x141","True","ffmpeg.exe","video codec (7)","0508CC9B","05126000","26.8.1 = 32.0.31041.1004"
"2026-10-09 03:59","0x117","False","","","0508CC9B","05126000","26.8.1 = 32.0.31041.1004"